"sample_id","source_record_id","ein","name","bucket","ntee","metadata_signal_score","selection_hash","exact_contract_matches","contract_ids","contract_scope","local_relevance","plausible_intervention","decision","reason","primary_url","primary_checked","primary_finding","review_status","population","dose","cost_anchor","utility_bridge","funding_room_usd","priority_rank"
"1","irs:942687079","942687079","FAMILY CAREGIVER ALLIANCE","clinical","E50Z","2","0bbeb5026c4c2dea4fc16cabc0fcb3289892cba0b0f01ea8334f22c3f9e1cd72","1","1000038672","HSA-DAS FCA Temp Respite FY","Primary source supports SF/Bay service; EIN-to-website legal linkage not independently certified","Caregiver respite/counseling: distinguish caregiver utility from care-recipient benefit.","priority-program-diligence","Caregiver respite/counseling: distinguish caregiver utility from care-recipient benefit. Name/scope has a routing signal, not verified causal evidence. Revenue not used to rank.","https://www.caregiver.org/connecting-caregivers/bay-area-caregiver-center/","2026-09-08","Provider verifies SF-inclusive caregiver consultation, respite eligibility and counseling; names state/county funders. Research incremental caregiver mental-health course, not all referrals.","primary-service-checked-not-CEA","Unknown unless specified by name/scope; not verified","unknown","none: contract authority is not marginal cost","not evaluated","","1"
"2","irs:943269300","943269300","RECOVERY SURVIVAL NETWORK","clinical","F20Z","2","706966f1c7fe9082f82e949d0bb7614ae2296e7eb89595f68d3ef7dcdb286177","1","1000033373","ADP-Housing & Supportive Servs","Primary source supports SF/Bay service; EIN-to-website legal linkage not independently certified","Recovery support: test sustained treatment retention rather than certificates.","priority-program-diligence","Recovery support: test sustained treatment retention rather than certificates. Name/scope has a routing signal, not verified causal evidence. Revenue not used to rank.","https://www.rsn2000.org/","2026-09-08","Provider verifies SF NoVA intensive case management and peer support; explicitly no longer provides introductory computer training. Current capacity and date of program text unknown.","primary-service-checked-not-CEA","Unknown unless specified by name/scope; not verified","unknown","none: contract authority is not marginal cost","not evaluated","","2"
"3","irs:800258044","800258044","PHATT CHANCE COMMUNITY SERVICES INC","clinical","F20","2","9d30d0cb1165ac3a8f5bc1acc01d6c3522307beb606609be8295d4c2e05ca21c","1","1000033360","Unspecified","SF filing address plus exact-normalized-name SF prime-contract signal; legal identity/service delivery unverified","Community-service name plus contract signal: resolve actual clinical service before modeling.","priority-for-identity-and-program-check","Community-service name plus contract signal: resolve actual clinical service before modeling. Name/scope has a routing signal, not verified causal evidence. Revenue not used to rank.","","no","","metadata-screened-not-CEA","Unknown unless specified by name/scope; not verified","unknown","none: contract authority is not marginal cost","not evaluated","",""
"4","irs:943098879","943098879","RAFIKI COALITION FOR HEALTH AND WELLNESS","clinical","G81Z","2","b40ab9711bb3119210c22e7d6135139c11315890daff3a62ac7ddafd80d725be","9","1000020911|1000024732|1000025064|1000028958|1000028959|1000031983|1000038367|1000038442|1000038467","DPH Non Medical HIV Case Mgmt | DPH CHEP HAP Black AA | DPH Black African American Com | DPH - RFGA 7482 | DPH - RFGA 7781 | MYR-203991-23 | HRC-DKI-HW04-26-005RafikiCoali | HRC-DKI-HW01-26-004RafikiCoali | HRC-DKI-HW01-26-004-RafikiCoal","Primary source supports SF/Bay service; EIN-to-website legal linkage not independently certified","Perinatal mental-health treatment merits separation from wellness modalities.","priority-program-diligence","Perinatal mental-health treatment merits separation from wellness modalities. Name/scope has a routing signal, not verified causal evidence. Revenue not used to rank.","https://rafikicoalition.org/","2026-09-08","Provider lists perinatal/maternal mental health and clinical support alongside alternative wellness modalities; select clinical treatment, not all wellness claims. Dose and payer gap unknown.","primary-service-checked-not-CEA","Unknown unless specified by name/scope; not verified","unknown","none: contract authority is not marginal cost","not evaluated","","3"
"5","irs:943184812","943184812","NICOS CHINESE HEALTH COALITION","clinical","E70Z","2","b8a2713fd9ff6a478c914a4f45e44018949b9233ab997411c59fa9ac2b273843","1","1000010092","DPH Children's Oral Hlth & DTI","Primary source supports SF/Bay service; EIN-to-website legal linkage not independently certified","Children's oral-health contract suggests completed prevention/care rather than education alone.","priority-program-diligence","Children's oral-health contract suggests completed prevention/care rather than education alone. Name/scope has a routing signal, not verified causal evidence. Revenue not used to rank.","https://www.cavityfreesf.org/taskforces-chinatown/","2026-09-08","CavityFreeSF collaboration identifies NICOS leading Chinatown children oral-health task force. Completed dental service versus outreach not yet resolved; existing oral-health contract overlap.","primary-service-checked-not-CEA","Unknown unless specified by name/scope; not verified","unknown","none: contract authority is not marginal cost","not evaluated","","4"
"6","irs:941156295","941156295","UCSF HEALTH COMMUNITY HOSPITALS","clinical","E220","2","d3f5bb7fbc71225e0df4836a2953982fe589d7151cc0703f722d2d14e4d8fe37","4","1000008493|1000033779|1000035632|1000037158","DPH BHS - visitation services | Prime | DPH-DH HHS Outpatient Support | UCSF St. Mary's Medical Center","SF filing address plus exact-normalized-name SF prime-contract signal; legal identity/service delivery unverified","Hospital system: defer broad organization; require narrow externally fundable service.","defer-scope-or-role","Hospital system: defer broad organization; require narrow externally fundable service. Name/scope has a routing signal, not verified causal evidence. Revenue not used to rank.","","no","","metadata-screened-not-CEA","Unknown unless specified by name/scope; not verified","unknown","none: contract authority is not marginal cost","not evaluated","",""
"7","irs:392459582","392459582","CLEANCUT HEALTH FOUNDATION","clinical","E99","1","06fe62fc5c9eff2b13ee740462af58f45042d532c6da0b138fe78e7203355a5a","0","","","SF IRS filing address only; actual Bay delivery unknown","Health-foundation name alone: establish direct care versus grantmaking.","priority-for-identity-and-program-check","Health-foundation name alone: establish direct care versus grantmaking. Name/scope has a routing signal, not verified causal evidence. Revenue missing; not inactivity.","","no","","metadata-screened-not-CEA","Unknown unless specified by name/scope; not verified","unknown","none: contract authority is not marginal cost","not evaluated","",""
"8","irs:844864441","844864441","FOUNDATION FOR EYE HEALTH AND EDUCATION","clinical","G41","1","130da6e9c92358185bd679cd419d4b0ca907f6773bb0ce770f5dfc68147ee6d7","0","","","SF IRS filing address only; actual Bay delivery unknown","Eye-health education name: check whether it delivers exams or only professional education.","priority-for-identity-and-program-check","Eye-health education name: check whether it delivers exams or only professional education. Name/scope has a routing signal, not verified causal evidence. Revenue zero; not inactivity.","","no","","metadata-screened-not-CEA","Unknown unless specified by name/scope; not verified","unknown","none: contract authority is not marginal cost","not evaluated","",""
"9","irs:522094189","522094189","PROSTATE CANCER RESOURCE","clinical","G30","1","17a5d4b4cd341905dd5ecce94fd51e592b5e7d3480da65f060d5d26081801f53","0","","","SF IRS filing address only; actual Bay delivery unknown","Prostate-cancer resource name: distinguish navigation from research/information.","priority-for-identity-and-program-check","Prostate-cancer resource name: distinguish navigation from research/information. Name/scope has a routing signal, not verified causal evidence. Revenue zero; not inactivity.","","no","","metadata-screened-not-CEA","Unknown unless specified by name/scope; not verified","unknown","none: contract authority is not marginal cost","not evaluated","",""
"10","irs:943211124","943211124","ALLEN COMMUNITY DEVELOPMENT","clinical","E30","1","1b166230ec33ea75b0c244ce40771cafc59f753f73fe9ce7a8a29db9ff31d40a","0","","","SF IRS filing address only; actual Bay delivery unknown","Community-development name conflicts with clinical classification; resolve function.","priority-for-identity-and-program-check","Community-development name conflicts with clinical classification; resolve function. Name/scope has a routing signal, not verified causal evidence. Revenue not used to rank.","","no","","metadata-screened-not-CEA","Unknown unless specified by name/scope; not verified","unknown","none: contract authority is not marginal cost","not evaluated","",""
"11","irs:994848812","994848812","HEALTH STARTS HERE","clinical","E99","1","1f28b9bbc1b0c9552d7f0a69d89ee6f3b8f75df892414bd9ff1a417a6e052cb8","0","","","SF IRS filing address only; actual Bay delivery unknown","Broad health name provides no clinical dose; identity/program check needed.","priority-for-identity-and-program-check","Broad health name provides no clinical dose; identity/program check needed. Name/scope has a routing signal, not verified causal evidence. Revenue missing; not inactivity.","","no","","metadata-screened-not-CEA","Unknown unless specified by name/scope; not verified","unknown","none: contract authority is not marginal cost","not evaluated","",""
"12","irs:941461312","941461312","DELTA DENTAL OF CALIFORNIA","clinical","E30","1","1f4829a83133575f806b225eb2b4fbad0af659db39e549e563d59570d342a44e","0","","","SF IRS filing address only; actual Bay delivery unknown","Dental insurer: separate coverage administration from charitable treatment.","defer-scope-or-role","Dental insurer: separate coverage administration from charitable treatment. Name/scope has a routing signal, not verified causal evidence. Revenue not used to rank.","","no","","metadata-screened-not-CEA","Unknown unless specified by name/scope; not verified","unknown","none: contract authority is not marginal cost","not evaluated","",""
"13","irs:454172480","454172480","BAYVIEW IMANI BREAST CANCER SUPPORT GROUP","clinical","E60","1","2739dfd9aaaaa719051f53adf058c91c315d6805bc2dfaec34ac020351de5976","0","","","SF IRS filing address only; actual Bay delivery unknown","Breast-cancer support group: psychosocial pathway possible, comparative utility unknown.","priority-for-identity-and-program-check","Breast-cancer support group: psychosocial pathway possible, comparative utility unknown. Name/scope has a routing signal, not verified causal evidence. Revenue zero; not inactivity.","","no","","metadata-screened-not-CEA","Unknown unless specified by name/scope; not verified","unknown","none: contract authority is not marginal cost","not evaluated","",""
"14","irs:942722663","942722663","FAMILY HOUSE INC","clinical","E860","1","2a43cb510d452ca689cdb225d767f0f3ff043025f95737e6221ca821fb367cdd","0","","","SF IRS filing address only; actual Bay delivery unknown","Family lodging hypothesis: accommodation may support pediatric treatment; do not assume cure effect.","priority-for-identity-and-program-check","Family lodging hypothesis: accommodation may support pediatric treatment; do not assume cure effect. Name/scope has a routing signal, not verified causal evidence. Revenue not used to rank.","","no","","metadata-screened-not-CEA","Unknown unless specified by name/scope; not verified","unknown","none: contract authority is not marginal cost","not evaluated","",""
"15","irs:474472730","474472730","BREAST CANCER OVER TIME","clinical","E86","1","2b7aca836afde13427704ecfa1623a79b1a75db81e04fe8cb91f60a68cbadc02","0","","","SF IRS filing address only; actual Bay delivery unknown","Cancer-related entity: establish research, advocacy or direct care role.","priority-for-identity-and-program-check","Cancer-related entity: establish research, advocacy or direct care role. Name/scope has a routing signal, not verified causal evidence. Revenue not used to rank.","","no","","metadata-screened-not-CEA","Unknown unless specified by name/scope; not verified","unknown","none: contract authority is not marginal cost","not evaluated","",""
"16","irs:942536500","942536500","BERNAL HEIGHTS NEIGHBORHOOD CENTER","basic","P28Z","2","1f693b5f1b7c5dd3a1a2895c1f39cd6732b73bb47bd6cef9e4af145b4eb738d6","3","1000029942|1000029943|1000029944","HSA- CommSVC- Cortland | HSA- CommSVC- Excelsior | HSA- Mobile Senior SVCs","SF filing address plus exact-normalized-name SF prime-contract signal; legal identity/service delivery unverified","Neighborhood-center contract: isolate senior support or family intervention.","priority-for-identity-and-program-check","Neighborhood-center contract: isolate senior support or family intervention. Name/scope has a routing signal, not verified causal evidence. Revenue not used to rank.","","no","","metadata-screened-not-CEA","Unknown unless specified by name/scope; not verified","unknown","none: contract authority is not marginal cost","not evaluated","",""
"17","irs:942152893","942152893","CHINESE NEWCOMERS SERVICE CENTER","basic","P84Z","2","278ee8f2566152b3204d8c9b610c2febe91fe0cd2facaea25e2cba60da4993ba","1","1000038648","HSA-Annual Chinatown Food Dist","SF filing address plus exact-normalized-name SF prime-contract signal; legal identity/service delivery unverified","Newcomer service access: language navigation could remove care barriers.","priority-for-identity-and-program-check","Newcomer service access: language navigation could remove care barriers. Name/scope has a routing signal, not verified causal evidence. Revenue not used to rank.","","no","","metadata-screened-not-CEA","Unknown unless specified by name/scope; not verified","unknown","none: contract authority is not marginal cost","not evaluated","",""
"18","irs:943213100","943213100","TIDES CENTER","basic","P20","2","27b6eb6e78a9a3976220de14c5e55381ea7ab731defb3977ebe4daddaaaba080","14","1000027666|1000028213|1000030572|1000032404|1000032555|1000032585|1000032653|1000034379|1000035226|1000036195|1000036624|1000036732|1000037795|1000038148","TIDES - 1321 ML&PM | ECN CERF Convener | CHF_PSC_TACB_FY23-24 | DPH - Overdose Prevention | CHF-GA-Youth Env Ed-24-29 | CHF-GA-Productive Adult-24-29 | CHF-GA-HS Arts Prog-24-29 | CHF_TA/CB_PSC_FY24-25 | ART-CIP-25SPX02 GRANT | M. Youth Art Exchange (Tides C | J. PODER (Tides Center) | D. Community Grows (Tides) | Hummingbird Urban Demo Farm | ADMNB: Hummingbird Farm Commun","SF filing address plus exact-normalized-name SF prime-contract signal; legal identity/service delivery unverified","Fiscal-sponsor hypothesis: identify underlying project and avoid sponsor-level CEA.","priority-for-identity-and-program-check","Fiscal-sponsor hypothesis: identify underlying project and avoid sponsor-level CEA. Name/scope has a routing signal, not verified causal evidence. Revenue not used to rank.","","no","","metadata-screened-not-CEA","Unknown unless specified by name/scope; not verified","unknown","none: contract authority is not marginal cost","not evaluated","",""
"19","irs:201719535","201719535","ASIANWEEK FOUNDATION","basic","P84","2","29562e4f7daa49f7312c18845174c89ca30be2cda4f4a92d64389522f99f9668","3","1000028830|1000032503|1000039089","HSA/Farming Tow. Food Security | CHF-GA-Florence Fang Com-24-29 | AIR-MARKET.COMM SPONSORSHIP","SF filing address plus exact-normalized-name SF prime-contract signal; legal identity/service delivery unverified","Foundation with contract: identify event, grantmaking or direct-service component.","priority-for-identity-and-program-check","Foundation with contract: identify event, grantmaking or direct-service component. Name/scope has a routing signal, not verified causal evidence. Revenue not used to rank.","","no","","metadata-screened-not-CEA","Unknown unless specified by name/scope; not verified","unknown","none: contract authority is not marginal cost","not evaluated","",""
"20","irs:941753722","941753722","MISSION HOUSING DEVELOPMENT CORP","basic","L210","2","3e4c74769380ad9416505d7806851fb517a3debf697e4f08efe119108d92c94b","18","1000007496|1000007809|1000007985|1000007986|1000007987|1000007988|1000007989|1000007990|1000012172|1000013756|1000020551|1000021375|1000021949|1000024855|1000037772|1000037845|1000037846|1000038281","Unspecified | Unspecified | Unspecified | Unspecified | Unspecified | Unspecified | Unspecified | Unspecified | Unspecified | MHDC - 2524 Mission Prop Mgmt | MHDC - HUD ISN | MHDC - Juan Pifarre | MHDC - South Park | MYR- SFHA Scattered Sites | MHDC-EMP-South Park | MHDC - Apollo | MHDC - EMP -  Altamont | ADMNB: Wiese Alley Youth Mural","SF filing address plus exact-normalized-name SF prime-contract signal; legal identity/service delivery unverified","Housing development: distinguish property ownership from added tenancy support.","priority-for-identity-and-program-check","Housing development: distinguish property ownership from added tenancy support. Name/scope has a routing signal, not verified causal evidence. Revenue not used to rank.","","no","","metadata-screened-not-CEA","Unknown unless specified by name/scope; not verified","unknown","none: contract authority is not marginal cost","not evaluated","",""
"21","irs:943300090","943300090","FILIPINO-AMERICAN DEVELOPMENT FOUNDATION","basic","P840","2","3f86fabe90b24d46312b384a870a6e4b7b0c1119a5106e39b70c69e6cd292443","9","1000032551|1000032557|1000032593|1000037199|1000037204|1000037236|1000037375|1000037984|1000037994","CHF-GA-Filipino Edu Cent-24-29 | CHF-GA-Kabataan-24-29 | CHF-GA-Middle & HS-24-29 | MYR-246197-25 | MYR-246227-25 | MYR-246227-25 | ADMCE:Community Engage&Support | MYR-258796-25 | ART-CIP-26SPX01 GRANT","SF filing address plus exact-normalized-name SF prime-contract signal; legal identity/service delivery unverified","Community foundation: identify recipient-facing service versus sponsor role.","priority-for-identity-and-program-check","Community foundation: identify recipient-facing service versus sponsor role. Name/scope has a routing signal, not verified causal evidence. Revenue not used to rank.","","no","","metadata-screened-not-CEA","Unknown unless specified by name/scope; not verified","unknown","none: contract authority is not marginal cost","not evaluated","",""
"22","irs:943101292","943101292","ON LOK DAY SERVICES","basic","P810","2","5b05535a503da75b3de93b83f5049aa0b01472b14c1f60e3a63a2927db264113","9","1000029875|1000029876|1000033042|1000033461|1000036394|1000036404|1000036405|1000036409|1000036410","DAS Case Management FY23-27 | DAS Community Services FY23-27 | ADRC FY 24-26 | ADP | HSA - Cong Meals ENP FY25-29 | HSA - To-Go Meal ENP FY25-29 | HSA - ENP HDM FY25-29 | HSA - Cong Meals ENP FY25-29 | HSA - OAA Title IIID FY25-29","Primary source supports SF/Bay service; EIN-to-website legal linkage not independently certified","Older-adult physical activity: investigate specific falls-prevention dose.","priority-program-diligence","Older-adult physical activity: investigate specific falls-prevention dose. Name/scope has a routing signal, not verified causal evidence. Revenue not used to rank.","https://www.sfhsa.org/services/disability-aging/health-promotion","2026-09-08","SFHSA identifies On Lok30thStreet as Always Active health-promotion provider. Separate from PACE and Openhouse joint day services. New funded course and fall-specific dose unknown.","primary-service-checked-not-CEA","Unknown unless specified by name/scope; not verified","unknown","none: contract authority is not marginal cost","not evaluated","","5"
"23","irs:873605990","873605990","REOPTIMA FAMILY RESOURCE CENTER INC","basic","P20","2","5f0018bf0c754ef5837eb24ba8dda46351662297d7fd4c20b985a5027467e920","2","1000036853|1000037480","T&TA and Rating Assessment | Connecting Point Grant","SF filing address plus exact-normalized-name SF prime-contract signal; legal identity/service delivery unverified","Family resource center: identify parenting or mental-health course.","priority-for-identity-and-program-check","Family resource center: identify parenting or mental-health course. Name/scope has a routing signal, not verified causal evidence. Revenue not used to rank.","","no","","metadata-screened-not-CEA","Unknown unless specified by name/scope; not verified","unknown","none: contract authority is not marginal cost","not evaluated","",""
"24","irs:850498939","850498939","SF NEW DEAL","basic","P20","2","6c46e42c568b7d267e5d85223056df4d00fbe1f8d074d46294fbf97f079a8fa1","6","1000028158|1000028500|1000032750|1000032760|1000035708|1000036455","ECN Pop-up Acceleration & TA | ECN DK Small Business Grant Pr | ECN SF Shines Citywide | ECN Small Business Accessible | ECN DT PopUp Act | HSA/CFAT/Community Meal Progs","SF filing address plus exact-normalized-name SF prime-contract signal; legal identity/service delivery unverified","Local food/business support: separate producer subsidy from recipient health.","priority-for-identity-and-program-check","Local food/business support: separate producer subsidy from recipient health. Name/scope has a routing signal, not verified causal evidence. Revenue not used to rank.","","no","","metadata-screened-not-CEA","Unknown unless specified by name/scope; not verified","unknown","none: contract authority is not marginal cost","not evaluated","",""
"25","irs:942604543","942604543","SOUTHEAST ASIAN COMMUNITY CENTER","basic","P84Z","2","782fe5b66953d06a06989116e34258e3e09584c61b9cfecb5dfa8a448efded9d","1","1000037290","ADMCE:Community Engage&Support","SF filing address plus exact-normalized-name SF prime-contract signal; legal identity/service delivery unverified","Culturally accessible center: select clinical or basic-needs service from scope.","priority-for-identity-and-program-check","Culturally accessible center: select clinical or basic-needs service from scope. Name/scope has a routing signal, not verified causal evidence. Revenue not used to rank.","","no","","metadata-screened-not-CEA","Unknown unless specified by name/scope; not verified","unknown","none: contract authority is not marginal cost","not evaluated","",""
"26","irs:941690098","941690098","CROSS CULTURAL FAMILY CENTER","basic","P33Z","2","7e18f3382ecd564306ac04b5116b7f3d16afb66a881a574af5101e0a8e5b81af","2","1000032673|1000038106","CHF-GA-School Age Progra-24-29 | MYR Cross Cultural Family Ctr","SF filing address plus exact-normalized-name SF prime-contract signal; legal identity/service delivery unverified","Family/child care: health pathway requires more than developmental outcomes.","priority-for-identity-and-program-check","Family/child care: health pathway requires more than developmental outcomes. Name/scope has a routing signal, not verified causal evidence. Revenue not used to rank.","","no","","metadata-screened-not-CEA","Unknown unless specified by name/scope; not verified","unknown","none: contract authority is not marginal cost","not evaluated","",""
"27","irs:680566329","680566329","BUENA VISTA CHILD CARE INC","basic","P33","2","903f6f8e8533017b85b81f19669bba099354ef2343b8f29dba641f999048ce12","1","1000032516","CHF-GA-Comp Afterschool-24-29","SF filing address plus exact-normalized-name SF prime-contract signal; legal identity/service delivery unverified","Childcare provision: identify explicit injury, nutrition or mental-health component.","priority-for-identity-and-program-check","Childcare provision: identify explicit injury, nutrition or mental-health component. Name/scope has a routing signal, not verified causal evidence. Revenue not used to rank.","","no","","metadata-screened-not-CEA","Unknown unless specified by name/scope; not verified","unknown","none: contract authority is not marginal cost","not evaluated","",""
"28","irs:943141608","943141608","RAPHAEL HOUSE OF SAN FRANCISCO INC","basic","P200","2","99067ba746b165c38e2ba786ee77eeba334ad2b4c5f39dd2a5c8bdabb588d59f","1","1000036961","Raphael House - Family Shelter","SF filing address plus exact-normalized-name SF prime-contract signal; legal identity/service delivery unverified","Family shelter: measure added housing/health versus existing pathway.","priority-for-identity-and-program-check","Family shelter: measure added housing/health versus existing pathway. Name/scope has a routing signal, not verified causal evidence. Revenue not used to rank.","","no","","metadata-screened-not-CEA","Unknown unless specified by name/scope; not verified","unknown","none: contract authority is not marginal cost","not evaluated","",""
"29","irs:942922453","942922453","CHARITY CULTURAL SERVICES CENTER","basic","P200","2","aa33aebd5d0c0cc505df82a78000e8e2cef665709c357ea4ff0c9cb1b19a3bb0","1","1000032521","CHF-GA-Summer Camp-24-29","SF filing address plus exact-normalized-name SF prime-contract signal; legal identity/service delivery unverified","Cultural services: separate language/job instruction from clinical support.","priority-for-identity-and-program-check","Cultural services: separate language/job instruction from clinical support. Name/scope has a routing signal, not verified causal evidence. Revenue not used to rank.","","no","","metadata-screened-not-CEA","Unknown unless specified by name/scope; not verified","unknown","none: contract authority is not marginal cost","not evaluated","",""
"30","irs:943112338","943112338","COMMUNITY HOUSING PARTNERSHIP","basic","L410","2","b15dd67a0ac43bf030b22d6ccd8889a6c3fedd9c978fbea80c28d050016a9a16","14","1000007430|1000007822|1000009321|1000010829|1000018411|1000018414|1000018415|1000018416|1000021501|1000025900|1000025915|1000036025|1000036979|1000037556","Unspecified | Unspecified | Unspecified | DPH- CHP 2021-22 AM-1 | HOM - CHP - Arnett Watson Apts | Essex Hotel, Zygmunt Arendt Ho | HOM - CHP - Prop 63 | HOM-CHP - Treasure Island IBH | CHP - Scattered Sites - CoC | HomeRise - 53 Colton | HomeRise - MBS9 | HomeRise - Tenant Services | Unspecified | Unspecified","SF filing address plus exact-normalized-name SF prime-contract signal; legal identity/service delivery unverified","Supportive-housing name: verify current alias and property/service entity.","priority-for-identity-and-program-check","Supportive-housing name: verify current alias and property/service entity. Name/scope has a routing signal, not verified causal evidence. Revenue not used to rank.","","no","","metadata-screened-not-CEA","Unknown unless specified by name/scope; not verified","unknown","none: contract authority is not marginal cost","not evaluated","",""
"31","irs:942174237","942174237","MISSION LANGUAGE & VOCATIONAL SCHOOL","youth","J220","2","153da9565639087e185e9c5ccea0f71e8058a35449c84daf3056ddc9d8d81655","5","1000032603|1000033211|1000037296|1000037930|1000037933","CHF-GA-June Jordan-24-29 | MYR-203896-23 | CHF-GA-LTFAS-25-29 | CHF-AlasDeLaLibertad-26-29 | CHF-LTFFamilyWellness-26-29","SF filing address plus exact-normalized-name SF prime-contract signal; legal identity/service delivery unverified","Vocational instruction: earnings not QALYs; seek health-relevant comparator.","priority-for-identity-and-program-check","Vocational instruction: earnings not QALYs; seek health-relevant comparator. Name/scope has a routing signal, not verified causal evidence. Revenue not used to rank.","","no","","metadata-screened-not-CEA","Unknown unless specified by name/scope; not verified","unknown","none: contract authority is not marginal cost","not evaluated","",""
"32","irs:010777856","010777856","LITERACY FOR ENVIRONMENTAL JUSTICE","youth","O52","2","18fd29914140da8cbc0fb20f0c2e000c4a73c75e1fd748e818097dc7f420d3e3","1","1000028831","Procure Marsh Restoration","SF filing address plus exact-normalized-name SF prime-contract signal; legal identity/service delivery unverified","Environmental education: distinguish exposure remediation from awareness.","priority-for-identity-and-program-check","Environmental education: distinguish exposure remediation from awareness. Name/scope has a routing signal, not verified causal evidence. Revenue not used to rank.","","no","","metadata-screened-not-CEA","Unknown unless specified by name/scope; not verified","unknown","none: contract authority is not marginal cost","not evaluated","",""
"33","irs:331787605","331787605","COMMUNITY SCHOOLS LEARNING EXCHANGE","youth","B90","2","5c0e22e379c95d1532cbca5617ed6db217d2afd1547a198459897f55acb43b41","1","1000038498","CHF_PSC_24TACB-SA1_FY25-26","SF filing address plus exact-normalized-name SF prime-contract signal; legal identity/service delivery unverified","School-system improvement intermediary: no direct health intervention established.","priority-for-identity-and-program-check","School-system improvement intermediary: no direct health intervention established. Name/scope has a routing signal, not verified causal evidence. Revenue zero; not inactivity.","","no","","metadata-screened-not-CEA","Unknown unless specified by name/scope; not verified","unknown","none: contract authority is not marginal cost","not evaluated","",""
"34","irs:943146532","943146532","SOUTH OF MARKET CHILD CARE INC","youth","B99Z","2","68a31fa35dcec7a9b7cd866b7364ec4768f4d2beb11f8e6b30f9eae3b6721563","2","1000033065|1000036777","DEC 24-02 FRC Initiative | DEC ECE TTA","SF filing address plus exact-normalized-name SF prime-contract signal; legal identity/service delivery unverified","Childcare: test narrow nutrition, safety or parenting mechanism.","priority-for-identity-and-program-check","Childcare: test narrow nutrition, safety or parenting mechanism. Name/scope has a routing signal, not verified causal evidence. Revenue not used to rank.","","no","","metadata-screened-not-CEA","Unknown unless specified by name/scope; not verified","unknown","none: contract authority is not marginal cost","not evaluated","",""
"35","irs:562379862","562379862","BRILLIANT CORNERS","youth","B90","2","696f5641ff0df2f4155c8c160c4e3c41ed76a3f78d40ca3004d96af9eb44f4d6","5","1000021388|1000022893|1000024537|1000028386|1000038338","Prop C - Housing Loc & RA | BC - FHSP & Housing Ladder | Brilliant Corners - EHV | HSA-DAS-SSHRSA FY23-27 | BC - FHSP","SF filing address plus exact-normalized-name SF prime-contract signal; legal identity/service delivery unverified","Classification may misroute housing/support provider as youth; resolve program.","priority-for-identity-and-program-check","Classification may misroute housing/support provider as youth; resolve program. Name/scope has a routing signal, not verified causal evidence. Revenue not used to rank.","","no","","metadata-screened-not-CEA","Unknown unless specified by name/scope; not verified","unknown","none: contract authority is not marginal cost","not evaluated","",""
"36","irs:611463809","611463809","CALIFA GROUP","youth","B99","2","94d96bb69429754ad972d905d3890c6da777d88eb9e4e6653f9b0615b5999fc4","5","1000033283|1000033962|1000035212|1000035214|1000036204","Northstar Services | LinkedIn, Wall St for Library | Bundled Online Resources | O'Reilly | NY Times","SF filing address plus exact-normalized-name SF prime-contract signal; legal identity/service delivery unverified","Library consortium: defer absent specific accessible-health intervention.","priority-for-identity-and-program-check","Library consortium: defer absent specific accessible-health intervention. Name/scope has a routing signal, not verified causal evidence. Revenue not used to rank.","","no","","metadata-screened-not-CEA","Unknown unless specified by name/scope; not verified","unknown","none: contract authority is not marginal cost","not evaluated","",""
"37","irs:943349377","943349377","JEWISH COMMUNITY HIGH SCHOOL OF THE BAY","youth","B25","1","032fc9bcdfad9cf52b7db5efabec8c7c2748d62b61f20d1ad4d3182eb3e4ee8c","0","","","SF IRS filing address only; actual Bay delivery unknown","School education: no causal health mechanism specified by metadata.","priority-for-identity-and-program-check","School education: no causal health mechanism specified by metadata. Name/scope has a routing signal, not verified causal evidence. Revenue not used to rank.","","no","","metadata-screened-not-CEA","Unknown unless specified by name/scope; not verified","unknown","none: contract authority is not marginal cost","not evaluated","",""
"38","irs:465306699","465306699","CALSO COMMUNITY INC","youth","J20","1","03bf3678cca9743e2ce2096eae04a15209a604feb82a906387ed20c3bd05bfec","0","","","SF IRS filing address only; actual Bay delivery unknown","Community organization: unclear program; resolve before priority upgrade.","priority-for-identity-and-program-check","Community organization: unclear program; resolve before priority upgrade. Name/scope has a routing signal, not verified causal evidence. Revenue not used to rank.","","no","","metadata-screened-not-CEA","Unknown unless specified by name/scope; not verified","unknown","none: contract authority is not marginal cost","not evaluated","",""
"39","irs:461849368","461849368","SCHOLASTIC INTEREST GROUP FOUNDATION INC","youth","O50","1","040457f63ca9d23f1457ee19c8d252aaa1d32e4e45e4e7163969843034b23452","1","1000032594","CHF-GA-Genesis-24-29","SF filing address plus exact-normalized-name SF prime-contract signal; legal identity/service delivery unverified","Education foundation: grantmaking versus instruction unclear.","priority-for-identity-and-program-check","Education foundation: grantmaking versus instruction unclear. Name/scope has a routing signal, not verified causal evidence. Revenue not used to rank.","","no","","metadata-screened-not-CEA","Unknown unless specified by name/scope; not verified","unknown","none: contract authority is not marginal cost","not evaluated","",""
"40","irs:271584676","271584676","TANDEM PARTNERS IN EARLY LEARNING","youth","B92","1","0460394a4cb458627364443f6e55e5b3d3c594c934ce32c7538f364580edb6b6","1","1000036776","CFC Literacy Library","SF filing address plus exact-normalized-name SF prime-contract signal; legal identity/service delivery unverified","Early-learning support: test defined family intervention rather than literacy-to-QALY shortcut.","priority-for-identity-and-program-check","Early-learning support: test defined family intervention rather than literacy-to-QALY shortcut. Name/scope has a routing signal, not verified causal evidence. Revenue not used to rank.","","no","","metadata-screened-not-CEA","Unknown unless specified by name/scope; not verified","unknown","none: contract authority is not marginal cost","not evaluated","",""
"41","irs:943228199","943228199","SAN FRANCISCO BICYCLE COALITION","environment","C010","2","034377600010b47d043c04fddf8a09dcb02555b5e0b6fe0210ec34aead70f68b","1","1000038741","ENV-Bike Fix-it Clinics 23-27","SF filing address plus exact-normalized-name SF prime-contract signal; legal identity/service delivery unverified","Cycling safety: infrastructure/training injury pathway, not advocacy counts.","priority-for-identity-and-program-check","Cycling safety: infrastructure/training injury pathway, not advocacy counts. Name/scope has a routing signal, not verified causal evidence. Revenue not used to rank.","","no","","metadata-screened-not-CEA","Unknown unless specified by name/scope; not verified","unknown","none: contract authority is not marginal cost","not evaluated","",""
"42","irs:611947643","611947643","DOWNTOWN COMMUNITY BENEFIT DISTRICT","environment","C12","2","afbc5c7099371b6f37103dbbf1c570cd0e9c238a0c717e01ec1df3c2e0d2b8e8","2","1000027805|1000037870","ECN Downtown SF Recovery | ECN DT Economic Development","SF filing address plus exact-normalized-name SF prime-contract signal; legal identity/service delivery unverified","Business district: maintenance/safety contract not automatically health improvement.","priority-for-identity-and-program-check","Business district: maintenance/safety contract not automatically health improvement. Name/scope has a routing signal, not verified causal evidence. Revenue not used to rank.","","no","","metadata-screened-not-CEA","Unknown unless specified by name/scope; not verified","unknown","none: contract authority is not marginal cost","not evaluated","",""
"43","irs:474687196","474687196","THE EAST CUT COMMUNITY BENEFIT DISTRICT","environment","C50","2","de56622b66d5fb6d47a09adf184e77ef19a247bb887320a39369c8a703b28307","1","1000032467","ECN CBD Activation and Steward","SF filing address plus exact-normalized-name SF prime-contract signal; legal identity/service delivery unverified","District services: test specific exposure or injury reduction.","priority-for-identity-and-program-check","District services: test specific exposure or injury reduction. Name/scope has a routing signal, not verified causal evidence. Revenue not used to rank.","","no","","metadata-screened-not-CEA","Unknown unless specified by name/scope; not verified","unknown","none: contract authority is not marginal cost","not evaluated","",""
"44","irs:262758520","262758520","SNOWSPORT SAFETY FOUNDATION","environment","M40","1","0904271d51bafe169ff962b8cecb091efb06ded3b95fc2619a36f7d9aee7706f","0","","","SF IRS filing address only; actual Bay delivery unknown","Snow-sport injury prevention hypothesis; SF beneficiary share unclear.","priority-for-identity-and-program-check","Snow-sport injury prevention hypothesis; SF beneficiary share unclear. Name/scope has a routing signal, not verified causal evidence. Revenue zero; not inactivity.","","no","","metadata-screened-not-CEA","Unknown unless specified by name/scope; not verified","unknown","none: contract authority is not marginal cost","not evaluated","",""
"45","irs:943221558","943221558","SAN FRANCISCO GREEN COMMUNITY","environment","C60","1","0b35bef112e60eb71607ee92cf91431623c058fcfeeb1f248d5ff4c46d593bf7","0","","","SF IRS filing address only; actual Bay delivery unknown","Environmental/community name: no verified exposure-reduction dose.","priority-for-identity-and-program-check","Environmental/community name: no verified exposure-reduction dose. Name/scope has a routing signal, not verified causal evidence. Revenue zero; not inactivity.","","no","","metadata-screened-not-CEA","Unknown unless specified by name/scope; not verified","unknown","none: contract authority is not marginal cost","not evaluated","",""
"46","irs:271325600","271325600","FIRST GENERATION ENVIRONMENTAL HEALTH & ECONOMIC DEVELOPMENT","environment","C60","1","28dc102430d28f614a9f73239cb0eebe8ff82f47740749a09e29195d6a951bf8","0","","","SF IRS filing address only; actual Bay delivery unknown","Environmental-health equity: identify actual hazard mitigation.","priority-for-identity-and-program-check","Environmental-health equity: identify actual hazard mitigation. Name/scope has a routing signal, not verified causal evidence. Revenue not used to rank.","","no","","metadata-screened-not-CEA","Unknown unless specified by name/scope; not verified","unknown","none: contract authority is not marginal cost","not evaluated","",""
"47","irs:872187590","872187590","CALIFORNIA ALLIANCE FOR COMMUNITY COMPOSTING","environment","C01","1","3dd5c67e7cd99db010e83215d4ca07bafa276721a0c3d3214db169a557c9f7f9","0","","","SF IRS filing address only; actual Bay delivery unknown","Composting: greenhouse-gas/waste outputs need explicit local health pathway.","priority-for-identity-and-program-check","Composting: greenhouse-gas/waste outputs need explicit local health pathway. Name/scope has a routing signal, not verified causal evidence. Revenue not used to rank.","","no","","metadata-screened-not-CEA","Unknown unless specified by name/scope; not verified","unknown","none: contract authority is not marginal cost","not evaluated","",""
"48","irs:270085492","270085492","YGGDRASIL URBAN WILDLIFE RESCUE","environment","C30","1","49f7a77e9d4b92b6e9d59093f90d9385d1ea920071cda4edef3e43ad2149cf7c","0","","","SF IRS filing address only; actual Bay delivery unknown","Wildlife rescue: exclude from human-health shortlist provisionally, not value judgment.","defer-scope-or-role","Wildlife rescue: exclude from human-health shortlist provisionally, not value judgment. Name/scope has a routing signal, not verified causal evidence. Revenue not used to rank.","","no","","metadata-screened-not-CEA","Unknown unless specified by name/scope; not verified","unknown","none: contract authority is not marginal cost","not evaluated","",""
"49","irs:432050242","432050242","GREENACTION FOR HEALTH AND ENVIRONMENTAL JUSTICE","environment","C27","1","4a047023e159c76513104f6a25d8cc6024cd73e500c5f911488ac9a043cf868d","0","","","SF IRS filing address only; actual Bay delivery unknown","Environmental justice: identify implemented exposure reduction versus advocacy.","priority-for-identity-and-program-check","Environmental justice: identify implemented exposure reduction versus advocacy. Name/scope has a routing signal, not verified causal evidence. Revenue not used to rank.","","no","","metadata-screened-not-CEA","Unknown unless specified by name/scope; not verified","unknown","none: contract authority is not marginal cost","not evaluated","",""
"50","irs:943396188","943396188","AFFORDABLE HOUSING AND HOMEOWNERSHIP","environment","C01","1","4b3b22fe150cd5ff223b71fa9e45b8de9b3d85d42cf1051d7d1d60723cd8e406","0","","","SF IRS filing address only; actual Bay delivery unknown","Housing name conflicts with environmental classification; resolve project ownership.","priority-for-identity-and-program-check","Housing name conflicts with environmental classification; resolve project ownership. Name/scope has a routing signal, not verified causal evidence. Revenue zero; not inactivity.","","no","","metadata-screened-not-CEA","Unknown unless specified by name/scope; not verified","unknown","none: contract authority is not marginal cost","not evaluated","",""
"51","irs:942382967","942382967","COMMUNITY BOARD PROGRAM","civic","I510","2","0b370c614a298f68ec010e572af9fb19f96f18d5ea7606aec2723529b0a920c4","1","1000034338","Community Board Program","SF filing address plus exact-normalized-name SF prime-contract signal; legal identity/service delivery unverified","Mediation: plausible stress/conflict mechanism, causal health effect uncertain.","priority-for-identity-and-program-check","Mediation: plausible stress/conflict mechanism, causal health effect uncertain. Name/scope has a routing signal, not verified causal evidence. Revenue not used to rank.","","no","","metadata-screened-not-CEA","Unknown unless specified by name/scope; not verified","unknown","none: contract authority is not marginal cost","not evaluated","",""
"52","irs:834557886","834557886","SOMA WEST COMMUNITY BENEFIT DISTRICT","civic","S20","2","1055dc09a06fbdb2eb9ecec5b59221e6aa2c9974333e9b8e0a79af33e3f6002e","1","1000038035","ADMNB: SOMA Mural Corridor Rev","SF filing address plus exact-normalized-name SF prime-contract signal; legal identity/service delivery unverified","District safety/cleaning: isolate intervention rather than total authority.","priority-for-identity-and-program-check","District safety/cleaning: isolate intervention rather than total authority. Name/scope has a routing signal, not verified causal evidence. Revenue not used to rank.","","no","","metadata-screened-not-CEA","Unknown unless specified by name/scope; not verified","unknown","none: contract authority is not marginal cost","not evaluated","",""
"53","irs:453360280","453360280","OPEN DOOR LEGAL","civic","I80","2","1c9116fca8bd14c81885f919a1dcf7f632f1561026bd35d90401e781d18c6f31","1","1000037714","Open Door - Legal Services","SF filing address plus exact-normalized-name SF prime-contract signal; legal identity/service delivery unverified","Civil legal access: distinguish resolution from housing/health outcome.","priority-for-identity-and-program-check","Civil legal access: distinguish resolution from housing/health outcome. Name/scope has a routing signal, not verified causal evidence. Revenue not used to rank.","","no","","metadata-screened-not-CEA","Unknown unless specified by name/scope; not verified","unknown","none: contract authority is not marginal cost","not evaluated","",""
"54","irs:261697250","261697250","COMMUNITY LIVING CAMPAIGN","civic","R25","2","2986f7dbdb413337abc6dafed086c21b96562b5bc4688e5d76bc5d753ba79cf9","6","1000029758|1000033475|1000033476|1000033554|1000035782|1000036260","DAS Community Connector 23-27 | DAS-SF Tech Council 24-27 | DAS-Tech Training 24-27 | CRSF/ReServe FY 24-28 | DAS HDG FY 25-29 | DAS TAP FY 25-29","SF filing address plus exact-normalized-name SF prime-contract signal; legal identity/service delivery unverified","Disability/aging community support: specific social connection or access dose needed.","priority-for-identity-and-program-check","Disability/aging community support: specific social connection or access dose needed. Name/scope has a routing signal, not verified causal evidence. Revenue not used to rank.","","no","","metadata-screened-not-CEA","Unknown unless specified by name/scope; not verified","unknown","none: contract authority is not marginal cost","not evaluated","",""
"55","irs:943333879","943333879","BAYANIHAN EQUITY CENTER","civic","W30","2","2991ff7a17e53d7710653883baaf6b280eae6b48192e1c1330395f10ce5e42ff","2","1000029862|1000036895","DAS Community Services FY23-27 | HSA/CFAT Comm Ctrd Groc Distr","SF filing address plus exact-normalized-name SF prime-contract signal; legal identity/service delivery unverified","Equity center: language-access and older-adult support hypothesis.","priority-for-identity-and-program-check","Equity center: language-access and older-adult support hypothesis. Name/scope has a routing signal, not verified causal evidence. Revenue not used to rank.","","no","","metadata-screened-not-CEA","Unknown unless specified by name/scope; not verified","unknown","none: contract authority is not marginal cost","not evaluated","",""
"56","irs:942844443","942844443","CENTERS FOR EQUITY AND SUCCESS INC","civic","I40Z","2","5d902624f92b5a8e0e0e993316e9d18e36aa977757bf29b48c4bff385f27e14d","5","1000030521|1000032537|1000035655|1000037922|1000038193","MYR-204090-23 | CHF-GA-Productive Adult-24-29 | ADMOOC-PC Technical Assistance | CHF-JusticeServices-26-29 | ECN 234H Public Safety Academy","SF filing address plus exact-normalized-name SF prime-contract signal; legal identity/service delivery unverified","Workforce/community services: health endpoint not employment count.","priority-for-identity-and-program-check","Workforce/community services: health endpoint not employment count. Name/scope has a routing signal, not verified causal evidence. Revenue not used to rank.","","no","","metadata-screened-not-CEA","Unknown unless specified by name/scope; not verified","unknown","none: contract authority is not marginal cost","not evaluated","",""
"57","irs:450493846","450493846","HYDE STREET COMMUNITY SERVICES INC","civic","S21","2","5efe23429f8c127a1366df2ba22519bede41bb0ae48cff9ad97f744d28bf202b","1","1000010833","Unspecified","SF filing address plus exact-normalized-name SF prime-contract signal; legal identity/service delivery unverified","Community services may be mental-health care; inspect scope and provider identity.","priority-for-identity-and-program-check","Community services may be mental-health care; inspect scope and provider identity. Name/scope has a routing signal, not verified causal evidence. Revenue not used to rank.","","no","","metadata-screened-not-CEA","Unknown unless specified by name/scope; not verified","unknown","none: contract authority is not marginal cost","not evaluated","",""
"58","irs:510169463","510169463","LEGAL SERVICES FOR CHILDREN INC","civic","I82Z","2","606108d9d4b996b4b8a30d3f0f0778090bf5e995b269ad8370230264ec506949","1","1000033304","CHF-GA-Todos Juntos-24-29","Primary source supports SF/Bay service; EIN-to-website legal linkage not independently certified","Child legal/social work: safety and mental-health pathway, no case=QALY shortcut.","priority-program-diligence","Child legal/social work: safety and mental-health pathway, no case=QALY shortcut. Name/scope has a routing signal, not verified causal evidence. Revenue not used to rank.","https://lsc-sf.org/what-we-do/","2026-09-08","Provider verifies free youth legal representation and social-work support. Actual health effect, case mix and marginal staff capacity unmeasured here.","primary-service-checked-not-CEA","Unknown unless specified by name/scope; not verified","unknown","none: contract authority is not marginal cost","not evaluated","","6"
"59","irs:454849844","454849844","SAN FRANCISCO MARKET CORPORATION","civic","S023","2","6e969e4c8cad5d17b6eaa091decfde8293d0ec00972efa52ddcdb96e01762b94","2","1000031086|1000038141","ADMRE | Food Recovery Program 26-27","SF filing address plus exact-normalized-name SF prime-contract signal; legal identity/service delivery unverified","Market entity: distribution or property operation unclear.","priority-for-identity-and-program-check","Market entity: distribution or property operation unclear. Name/scope has a routing signal, not verified causal evidence. Revenue not used to rank.","","no","","metadata-screened-not-CEA","Unknown unless specified by name/scope; not verified","unknown","none: contract authority is not marginal cost","not evaluated","",""
"60","irs:943357710","943357710","ASIAN PACIFIC AMERICAN COMMUNITY CENTER","civic","S20","2","a369f33d57c3fa607ba474f7469f6c6de983e92d43fa598e9292474c101d3d74","3","1000032501|1000038142|1000038728","CHF-GA-Out of SchoolTime-24-29 | ZW Education 26-27 | HRC-DKI-WE01-26-002AsianAmeric","SF filing address plus exact-normalized-name SF prime-contract signal; legal identity/service delivery unverified","Cultural community center: identify health-navigation or family service.","priority-for-identity-and-program-check","Cultural community center: identify health-navigation or family service. Name/scope has a routing signal, not verified causal evidence. Revenue not used to rank.","","no","","metadata-screened-not-CEA","Unknown unless specified by name/scope; not verified","unknown","none: contract authority is not marginal cost","not evaluated","",""
"61","irs:881751310","881751310","CENTER FOR ARTIFICIAL INTELLIGENCE SAFETY INC","research","U05","1","211eee5207b0f0e3e00294a170390dff25dd5fabd8413eca53b3bf77eb6d0a28","0","","","SF IRS filing address only; actual Bay delivery unknown","AI safety research: outside near-term SF direct-service health scope.","defer-scope-or-role","AI safety research: outside near-term SF direct-service health scope. Name/scope has a routing signal, not verified causal evidence. Revenue not used to rank.","","no","","metadata-screened-not-CEA","Unknown unless specified by name/scope; not verified","unknown","none: contract authority is not marginal cost","not evaluated","",""
"62","irs:883467337","883467337","MOBILITYVISION INC","research","U40","1","26bd6318f5e29285808efce532181af71fa776d205b5bb551e05263c942f3364","0","","","SF IRS filing address only; actual Bay delivery unknown","Mobility research/technology: actual local assistive service unknown.","priority-for-identity-and-program-check","Mobility research/technology: actual local assistive service unknown. Name/scope has a routing signal, not verified causal evidence. Revenue zero; not inactivity.","","no","","metadata-screened-not-CEA","Unknown unless specified by name/scope; not verified","unknown","none: contract authority is not marginal cost","not evaluated","",""
"63","irs:851511291","851511291","ENDOVISION FOUNDATION","research","H70","1","53c827cc31d5c6ed499c39b687436a66f8a649bfb6fb3cc67f1025177883f28e","0","","","SF IRS filing address only; actual Bay delivery unknown","Vision research foundation: trial or direct treatment unknown.","priority-for-identity-and-program-check","Vision research foundation: trial or direct treatment unknown. Name/scope has a routing signal, not verified causal evidence. Revenue not used to rank.","","no","","metadata-screened-not-CEA","Unknown unless specified by name/scope; not verified","unknown","none: contract authority is not marginal cost","not evaluated","",""
"64","irs:237025700","237025700","CHILDRENS BRAIN DISEASE FOUNDATION","research","H48Z","1","71966fac29799a1cce4ea24a003e3c0517371ac75a1dc00de33268766e189082","0","","","SF IRS filing address only; actual Bay delivery unknown","Brain disease research: avoid research grants=patient cures.","priority-for-identity-and-program-check","Brain disease research: avoid research grants=patient cures. Name/scope has a routing signal, not verified causal evidence. Revenue missing; not inactivity.","","no","","metadata-screened-not-CEA","Unknown unless specified by name/scope; not verified","unknown","none: contract authority is not marginal cost","not evaluated","",""
"65","irs:943307253","943307253","INSTITUTE FOR JEWISH AND COMMUNITY RESEARCH","research","V33","1","8f625d0112afae197012a62d1e58c41ff36adbde8139695b3718b1cf106f494f","0","","","SF IRS filing address only; actual Bay delivery unknown","Community research: no direct clinical service established.","defer-scope-or-role","Community research: no direct clinical service established. Name/scope has a routing signal, not verified causal evidence. Revenue not used to rank.","","no","","metadata-screened-not-CEA","Unknown unless specified by name/scope; not verified","unknown","none: contract authority is not marginal cost","not evaluated","",""
"66","irs:851462928","851462928","DENTAL ROBIN HOOD","other","T30","2","a123330f39d12193a49ccd1f378739f7ab946ab32949514af5cbb3ce09e8c853","1","1000028641","DPH - Children Oral Health","SF filing address plus exact-normalized-name SF prime-contract signal; legal identity/service delivery unverified","Dental charity signal despite other classification: investigate actual completed treatment.","priority-for-identity-and-program-check","Dental charity signal despite other classification: investigate actual completed treatment. Name/scope has a routing signal, not verified causal evidence. Revenue zero; not inactivity.","","no","","metadata-screened-not-CEA","Unknown unless specified by name/scope; not verified","unknown","none: contract authority is not marginal cost","not evaluated","",""
"67","irs:941156270","941156270","COMMUNITY MUSIC CENTER","other","A6E0","2","c80ac5418c39abe8d3494b0acb01d0a7c601bdb196d8628e10265b399f5390eb","1","1000029833","HSA  Neighborhood choir 23-27","SF filing address plus exact-normalized-name SF prime-contract signal; legal identity/service delivery unverified","Music education: possible wellbeing, no preference-based health evidence yet.","priority-for-identity-and-program-check","Music education: possible wellbeing, no preference-based health evidence yet. Name/scope has a routing signal, not verified causal evidence. Revenue not used to rank.","","no","","metadata-screened-not-CEA","Unknown unless specified by name/scope; not verified","unknown","none: contract authority is not marginal cost","not evaluated","",""
"68","irs:760778012","760778012","ASOCIACION MAYAB","other","A20","2","de19bf327e3211b3003597798c917f212856ea827b87ee9a283ec0a2f180fe5f","1","1000037374","ADMCE:Community Engage&Support","SF filing address plus exact-normalized-name SF prime-contract signal; legal identity/service delivery unverified","Community/cultural association: identify migrant health access versus events.","priority-for-identity-and-program-check","Community/cultural association: identify migrant health access versus events. Name/scope has a routing signal, not verified causal evidence. Revenue not used to rank.","","no","","metadata-screened-not-CEA","Unknown unless specified by name/scope; not verified","unknown","none: contract authority is not marginal cost","not evaluated","",""
"69","irs:352425564","352425564","SAN FRANCISCO COMMUNITY RADIO","other","A34","1","01255bfa341deda8de0415f8062a9ce152ba3a83a6067f11c531bafcbfaf9433","0","","","SF IRS filing address only; actual Bay delivery unknown","Radio: information dissemination not health outcome by default.","defer-scope-or-role","Radio: information dissemination not health outcome by default. Name/scope has a routing signal, not verified causal evidence. Revenue not used to rank.","","no","","metadata-screened-not-CEA","Unknown unless specified by name/scope; not verified","unknown","none: contract authority is not marginal cost","not evaluated","",""
"70","irs:474798696","474798696","GARHWAL FAMILY FOUNDATION","other","T20","1","01a74ac33558dc7d79a23ee0e6105ced4dc2a6d166c5734226da60f23667e934","0","","","SF IRS filing address only; actual Bay delivery unknown","Family foundation: grantmaker role suspected; recipient identification needed.","defer-scope-or-role","Family foundation: grantmaker role suspected; recipient identification needed. Name/scope has a routing signal, not verified causal evidence. Revenue missing; not inactivity.","","no","","metadata-screened-not-CEA","Unknown unless specified by name/scope; not verified","unknown","none: contract authority is not marginal cost","not evaluated","",""
"71","irs:942387002","942387002","WU YEE CHILDRENS SERVICES","unknown","","2","094a654e347dfbd7d2ce7b5f84d48eb0ae325501c09c6f9e70f3cf5b84c1019c","5","1000033034|1000034321|1000036193|1000036775|1000037477","DEC 24-02 FRC Initiative | DEC 24-02 FRC Initiative | DEC Access & Enrollment | DEC FY25 ECE WFC | FRC Cross Sector Grants","SF filing address plus exact-normalized-name SF prime-contract signal; legal identity/service delivery unverified","Child-services contract despite missing NTEE: narrow early-childhood health mechanism.","priority-for-identity-and-program-check","Child-services contract despite missing NTEE: narrow early-childhood health mechanism. Name/scope has a routing signal, not verified causal evidence. Revenue not used to rank.","","no","","metadata-screened-not-CEA","Unknown unless specified by name/scope; not verified","unknown","none: contract authority is not marginal cost","not evaluated","",""
"72","irs:942934014","942934014","SAN FRANCISCO CONSERVATION CORPS","unknown","","2","099356c81f2af5b25053c361a2babdec568f714e33dabd587ffe9f5e9cdc1ba8","1","1000035143","REC-As Needed Park Services","SF filing address plus exact-normalized-name SF prime-contract signal; legal identity/service delivery unverified","Conservation workforce: distinguish employment/environment outputs from injury/exposure reduction.","priority-for-identity-and-program-check","Conservation workforce: distinguish employment/environment outputs from injury/exposure reduction. Name/scope has a routing signal, not verified causal evidence. Revenue not used to rank.","","no","","metadata-screened-not-CEA","Unknown unless specified by name/scope; not verified","unknown","none: contract authority is not marginal cost","not evaluated","",""
"73","irs:943078431","943078431","PRC","unknown","","2","370f92ab0d855070d5f4a10a0dd54e512695f157b2ce1f7aaf6f34ae82137ebb","6","1000009024|1000030300|1000030739|1000035255|1000037806|1000037997","DPH-Emergency Financial Assist | DPH - HIV Services | DPH - RFGA 8079 - CSU and HD | DPH - Health Care Service | ECN Public Safety Academy | DPH-HIV FRONTLINE ORGANIZING G","SF filing address plus exact-normalized-name SF prime-contract signal; legal identity/service delivery unverified","Acronym PRC: identity and possible existing-review alias must be resolved.","priority-for-identity-and-program-check","Acronym PRC: identity and possible existing-review alias must be resolved. Name/scope has a routing signal, not verified causal evidence. Revenue not used to rank.","","no","","metadata-screened-not-CEA","Unknown unless specified by name/scope; not verified","unknown","none: contract authority is not marginal cost","not evaluated","",""
"74","irs:940835150","940835150","SAN FRANCISCO TRAVEL ASSOCIATION","unknown","","2","3838c94043cbab46b01af0a622d5615019d432f01f56c22fc421b499458d62a4","1","1000028136","International Marketing Services","SF filing address plus exact-normalized-name SF prime-contract signal; legal identity/service delivery unverified","Travel association: defer tourism promotion from direct-service health shortlist.","defer-scope-or-role","Travel association: defer tourism promotion from direct-service health shortlist. Name/scope has a routing signal, not verified causal evidence. Revenue not used to rank.","","no","","metadata-screened-not-CEA","Unknown unless specified by name/scope; not verified","unknown","none: contract authority is not marginal cost","not evaluated","",""
"75","irs:943117093","943117093","SAN FRANCISCO PUBLIC HEALTH FOUNDATION","unknown","","2","434957764902c2367e06230df6178ea21adb6d1716c6856b7cab0a40aa69788b","6","1000013579|1000021500|1000035999|1000036026|1000036060|1000036557","Unspecified | DPH - Prog Admin Food Security | DPH-Program Admin | DPH CHEP Prog Admin Svcs | DPH-Program Admin SDDT | DPH-BHS&SFHN Program Admin Ser","SF filing address plus exact-normalized-name SF prime-contract signal; legal identity/service delivery unverified","Public-health fiscal intermediary: select project; avoid aggregate contracts as CEA.","priority-for-identity-and-program-check","Public-health fiscal intermediary: select project; avoid aggregate contracts as CEA. Name/scope has a routing signal, not verified causal evidence. Revenue not used to rank.","","no","","metadata-screened-not-CEA","Unknown unless specified by name/scope; not verified","unknown","none: contract authority is not marginal cost","not evaluated","",""
"76","irs:942330864","942330864","LA CASA DE LAS MADRES","unknown","","2","9067c3523e521405e541e0011b7f7a506a979f85b3fb28d146a01fecfbd55ac4","3","1000017663|1000028790|1000038687","La Casa - ESG Shelter | La Casa - SS at Verona Hotel | HSA - DV Supp Services","Primary source supports SF/Bay service; EIN-to-website legal linkage not independently certified","Domestic-violence shelter/counseling: safety and trauma treatment hypotheses.","priority-program-diligence","Domestic-violence shelter/counseling: safety and trauma treatment hypotheses. Name/scope has a routing signal, not verified causal evidence. Revenue not used to rank.","https://www.lacasa.org/what-we-do/","2026-09-08","Provider verifies domestic-violence shelter, crisis and counseling services. Select trauma/safety intervention; cumulative service totals not causal outcomes.","primary-service-checked-not-CEA","Unknown unless specified by name/scope; not verified","unknown","none: contract authority is not marginal cost","not evaluated","","7"
"77","irs:943164091","943164091","APA FAMILY SUPPORT SERVICES","unknown","Z99Z","2","9e04a41550df5c5b7b126758d1447caab3e1d242bd271a8236ab6c682883f94e","4","1000027852|1000033128|1000036456|1000036959","DPH-ERMHS | DEC 24-02 FRC Initiative | Community Centered Grocery Dis | DAS CalFresh Expansion/Outreac","Primary source supports SF/Bay service; EIN-to-website legal linkage not independently certified","School-linked family behavioral health: specific treated cohort and payer needed.","priority-program-diligence","School-linked family behavioral health: specific treated cohort and payer needed. Name/scope has a routing signal, not verified causal evidence. Revenue not used to rank.","https://www.apafss.org/about-us","2026-09-08","Provider verifies SF family support, school-age behavioral health and Medi-Cal pilot. Distinguish home visitation from clinical therapy and current public financing.","primary-service-checked-not-CEA","Unknown unless specified by name/scope; not verified","unknown","none: contract authority is not marginal cost","not evaluated","","8"
"78","irs:943212988","943212988","FOODWISE COMMUNITY","unknown","","2","9ec28b5dddfd0b87f77144ee352691b592d33b39f812946ac67a7beea5a9b7f5","3","1000036008|1000036055|1000038364","ADMRE –Alemany Market Operator | HRC-JUN-004-Foodwise | HRC-DKI-HW04-26-004 Foodwise C","SF filing address plus exact-normalized-name SF prime-contract signal; legal identity/service delivery unverified","Food-system community: nutritional access versus market support distinction.","priority-for-identity-and-program-check","Food-system community: nutritional access versus market support distinction. Name/scope has a routing signal, not verified causal evidence. Revenue not used to rank.","","no","","metadata-screened-not-CEA","Unknown unless specified by name/scope; not verified","unknown","none: contract authority is not marginal cost","not evaluated","",""
"79","irs:680184712","680184712","YOUTH LEADERSHIP INSTITUTE","unknown","","2","b505ec1077c50bcae141594d301dc6c313c5f3d39dab786cbe59f066e66498c3","2","1000028579|1000036261","DPH - SUD Prevention Services | N. Youth Leadership Institute","SF filing address plus exact-normalized-name SF prime-contract signal; legal identity/service delivery unverified","Youth leadership: no direct health effect established by contract.","priority-for-identity-and-program-check","Youth leadership: no direct health effect established by contract. Name/scope has a routing signal, not verified causal evidence. Revenue not used to rank.","","no","","metadata-screened-not-CEA","Unknown unless specified by name/scope; not verified","unknown","none: contract authority is not marginal cost","not evaluated","",""
"80","irs:942455072","942455072","SAFE & SOUND","unknown","","2","b8e5af179ab64e694601d855752657d51d64f00dc28b29559af2ac9630f6a829","5","1000006954|1000025709|1000029431|1000029438|1000032713","DPH CYF mental health services | CFC FRC Cross-sector | HSA-FCS-MRT 23-28 | HSA-FCS-CAC 23-28 | DEC FY24-FY27 FRC Initiative","Primary source supports SF/Bay service; EIN-to-website legal linkage not independently certified","Child/family trauma services: identify structured therapy or prevention intervention.","priority-program-diligence","Child/family trauma services: identify structured therapy or prevention intervention. Name/scope has a routing signal, not verified causal evidence. Revenue not used to rank.","https://safeandsound.org/what-we-do/","2026-09-08","Provider verifies counseling, parenting and trauma-prevention services at SF sites. Current page gives bounded TALK Line hours; historical24/7 descriptions not current guarantees.","primary-service-checked-not-CEA","Unknown unless specified by name/scope; not verified","unknown","none: contract authority is not marginal cost","not evaluated","","9"
"81","irs:680183692","680183692","CALIFORNIA HOUSING PARTNERSHIP","unknown","Z99Z","1","005f7e277048c1b883afc6b68a666c89d2b99bd5fcf3171bd0a8cf0074ef712f","0","","","SF IRS filing address only; actual Bay delivery unknown","Housing policy/finance intermediary: added health pathway indirect.","priority-for-identity-and-program-check","Housing policy/finance intermediary: added health pathway indirect. Name/scope has a routing signal, not verified causal evidence. Revenue not used to rank.","","no","","metadata-screened-not-CEA","Unknown unless specified by name/scope; not verified","unknown","none: contract authority is not marginal cost","not evaluated","",""
"82","irs:942238595","942238595","HEART OF THE CITY COMMUNITY CENTER","unknown","","1","028129c9ccd188767699a68a940a545432e196bc6c36ed741ebdc9372c925173","0","","","SF IRS filing address only; actual Bay delivery unknown","Community center: purpose unresolved beyond name.","priority-for-identity-and-program-check","Community center: purpose unresolved beyond name. Name/scope has a routing signal, not verified causal evidence. Revenue missing; not inactivity.","","no","","metadata-screened-not-CEA","Unknown unless specified by name/scope; not verified","unknown","none: contract authority is not marginal cost","not evaluated","",""
"83","irs:942514195","942514195","KOREAN AMERICAN SENIOR SERVICES INC","unknown","","1","03621f7304d4f9b9078e8c1a5d4c043500a2b8e0f5baa8a9c9246b7db3b7b1d8","0","","","SF IRS filing address only; actual Bay delivery unknown","Korean-language elder services: access/social support hypothesis.","priority-for-identity-and-program-check","Korean-language elder services: access/social support hypothesis. Name/scope has a routing signal, not verified causal evidence. Revenue zero; not inactivity.","","no","","metadata-screened-not-CEA","Unknown unless specified by name/scope; not verified","unknown","none: contract authority is not marginal cost","not evaluated","",""
"84","irs:942914799","942914799","SAN FRANCISCO MUSLIM COMMUNITY CENTER","unknown","","1","0594168d60ed0e660b444933f06f7dfa2240b84eac121f451bd6926fc6792db6","0","","","SF IRS filing address only; actual Bay delivery unknown","Faith/community entity: verify direct human-service program before exclusion.","priority-for-identity-and-program-check","Faith/community entity: verify direct human-service program before exclusion. Name/scope has a routing signal, not verified causal evidence. Revenue not used to rank.","","no","","metadata-screened-not-CEA","Unknown unless specified by name/scope; not verified","unknown","none: contract authority is not marginal cost","not evaluated","",""
"85","irs:943016765","943016765","CHRISTIAN COMMUNITY IN THE UNITED STATES SAN FRANCISCO CENTER","unknown","","1","0c3f2393e2c35753894acfd7b8a6b98938fc51ee0d84e3839e329de73c766f60","0","","","SF IRS filing address only; actual Bay delivery unknown","Religious entity: no direct service identified from metadata alone.","defer-scope-or-role","Religious entity: no direct service identified from metadata alone. Name/scope has a routing signal, not verified causal evidence. Revenue missing; not inactivity.","","no","","metadata-screened-not-CEA","Unknown unless specified by name/scope; not verified","unknown","none: contract authority is not marginal cost","not evaluated","",""
"86","irs:942982442","942982442","AFFORDABLE HOUSING ALLIANCE","unknown","","1","0fcb1b886f6ec4216dfeda7fb073b446b01ba4f02e427264cda7c9bce0d54875","0","","","SF IRS filing address only; actual Bay delivery unknown","Housing alliance: advocacy versus actual housing unknown.","priority-for-identity-and-program-check","Housing alliance: advocacy versus actual housing unknown. Name/scope has a routing signal, not verified causal evidence. Revenue zero; not inactivity.","","no","","metadata-screened-not-CEA","Unknown unless specified by name/scope; not verified","unknown","none: contract authority is not marginal cost","not evaluated","",""
"87","irs:770235139","770235139","SEVERNS FAMILY FOUNDATION","unknown","","1","10495b71758235dc589b428199b9bfd8ca62fd171a659d4253f698f7f686f32b","0","","","SF IRS filing address only; actual Bay delivery unknown","Family foundation: grantmaker role suspected, not confirmed inactive.","defer-scope-or-role","Family foundation: grantmaker role suspected, not confirmed inactive. Name/scope has a routing signal, not verified causal evidence. Revenue missing; not inactivity.","","no","","metadata-screened-not-CEA","Unknown unless specified by name/scope; not verified","unknown","none: contract authority is not marginal cost","not evaluated","",""
"88","irs:941212136","941212136","SAN FRANCISCO SENIOR CENTER","unknown","","1","1102f309f3bcea5e24175fc7c48cc97b6b2f4fd67bc64e5ce571ef92dafc7af6","0","","","SF IRS filing address only; actual Bay delivery unknown","Senior center: day activity or meals plausible; legal parent/alias check.","priority-for-identity-and-program-check","Senior center: day activity or meals plausible; legal parent/alias check. Name/scope has a routing signal, not verified causal evidence. Revenue not used to rank.","","no","","metadata-screened-not-CEA","Unknown unless specified by name/scope; not verified","unknown","none: contract authority is not marginal cost","not evaluated","",""
"89","irs:942939505","942939505","GRACE FELLOWSHIP COMMUNITY CHURCH OF SAN FRANCISCO","unknown","","1","112d5c975edc81900a2f40dc64b7b6317e0c849062748ddb314edd8be9fe4267","0","","","SF IRS filing address only; actual Bay delivery unknown","Faith/community entity: assess any direct-care program before exclusion.","defer-scope-or-role","Faith/community entity: assess any direct-care program before exclusion. Name/scope has a routing signal, not verified causal evidence. Revenue missing; not inactivity.","","no","","metadata-screened-not-CEA","Unknown unless specified by name/scope; not verified","unknown","none: contract authority is not marginal cost","not evaluated","",""
"90","irs:943138992","943138992","BREAST CANCER ACTION","unknown","Z99Z","1","129f9f15b56a30a1387d046cb8612575185e779cab9c35e5cc916f8ed5ca5c1d","0","","","SF IRS filing address only; actual Bay delivery unknown","Breast-cancer advocacy: distinguish policy research from direct care.","priority-for-identity-and-program-check","Breast-cancer advocacy: distinguish policy research from direct care. Name/scope has a routing signal, not verified causal evidence. Revenue not used to rank.","","no","","metadata-screened-not-CEA","Unknown unless specified by name/scope; not verified","unknown","none: contract authority is not marginal cost","not evaluated","",""
"91","irs:941657247","941657247","JOHN M BRYAN FAMILY FUND","unknown","","1","16bc822d100338716c200d429e1e00973919b4ab8699c2fd65f3a81dc5adfe0e","0","","","SF IRS filing address only; actual Bay delivery unknown","Family fund: grantmaking likely; beneficiary program unverified.","defer-scope-or-role","Family fund: grantmaking likely; beneficiary program unverified. Name/scope has a routing signal, not verified causal evidence. Revenue missing; not inactivity.","","no","","metadata-screened-not-CEA","Unknown unless specified by name/scope; not verified","unknown","none: contract authority is not marginal cost","not evaluated","",""
"92","irs:941156335","941156335","JEWISH COMMUNITY RELATIONS COUNCIL OF SAN FRANCISCO MARIN & PENINSULA","unknown","","1","1f188b78abdd466e95b96ead70cb9d1cb948c2d8bb7f94b23f203484f1d64bef","0","","","SF IRS filing address only; actual Bay delivery unknown","Community-relations organization: civic mission, no direct health dose.","defer-scope-or-role","Community-relations organization: civic mission, no direct health dose. Name/scope has a routing signal, not verified causal evidence. Revenue not used to rank.","","no","","metadata-screened-not-CEA","Unknown unless specified by name/scope; not verified","unknown","none: contract authority is not marginal cost","not evaluated","",""
"93","irs:237328621","237328621","CANCER CARE FOUNDATION OF SAN FRANCISCO","unknown","","1","234825b54a9cbeca7d407fb612fa44922dbb07b26bd50170aabc9b7fb0435e7f","0","","","SF IRS filing address only; actual Bay delivery unknown","Cancer-care foundation: direct aid versus fundraising unresolved.","priority-for-identity-and-program-check","Cancer-care foundation: direct aid versus fundraising unresolved. Name/scope has a routing signal, not verified causal evidence. Revenue missing; not inactivity.","","no","","metadata-screened-not-CEA","Unknown unless specified by name/scope; not verified","unknown","none: contract authority is not marginal cost","not evaluated","",""
"94","irs:943248631","943248631","CHILDRENS DAY SCHOOL INC","unknown","","1","24ac568769cdee731a7071a3b298b37a52ac1ec6666b9c6a9488053b9e4b447f","0","","","SF IRS filing address only; actual Bay delivery unknown","Day school: general education not a health-specific mechanism.","defer-scope-or-role","Day school: general education not a health-specific mechanism. Name/scope has a routing signal, not verified causal evidence. Revenue not used to rank.","","no","","metadata-screened-not-CEA","Unknown unless specified by name/scope; not verified","unknown","none: contract authority is not marginal cost","not evaluated","",""
"95","irs:941254639","941254639","HOLY VIRGIN COMMUNITY OF SAN FRANCISCO","unknown","","1","25300d11ad464fe8e3896e93ef023e2e7a5124cc3e50ef30e065d094d37b97f7","0","","","SF IRS filing address only; actual Bay delivery unknown","Religious community: direct service unknown, do not exclude by faith alone.","defer-scope-or-role","Religious community: direct service unknown, do not exclude by faith alone. Name/scope has a routing signal, not verified causal evidence. Revenue missing; not inactivity.","","no","","metadata-screened-not-CEA","Unknown unless specified by name/scope; not verified","unknown","none: contract authority is not marginal cost","not evaluated","",""
"96","irs:450897823","450897823","SARLO FAMILY FOUNDATION","unknown","","1","2557ee4a892168c9eb5249a19f40ad10b165db5df31f19750b5d76a5f372fda7","0","","","SF IRS filing address only; actual Bay delivery unknown","Family foundation: direct local delivery not identified.","defer-scope-or-role","Family foundation: direct local delivery not identified. Name/scope has a routing signal, not verified causal evidence. Revenue missing; not inactivity.","","no","","metadata-screened-not-CEA","Unknown unless specified by name/scope; not verified","unknown","none: contract authority is not marginal cost","not evaluated","",""
"97","irs:941747575","941747575","BAYVIEW HUNTERS POINT FOUNDATION FOR COMMUNITY IMPROVEMENT INC","unknown","","1","268bdb882a3b96b74f797c1fb548c0d74001d23ea9e904cbd93d6e018fa79a8f","0","","","Primary source supports SF/Bay service; EIN-to-website legal linkage not independently certified","Methadone continuity after jail release: strong clinical pathway to investigate.","priority-program-diligence","Methadone continuity after jail release: strong clinical pathway to investigate. Name/scope has a routing signal, not verified causal evidence. Revenue not used to rank.","https://www.bayviewci.org/behavioral-health-services","2026-09-08","Provider verifies outpatient and SF jail methadone plus adult/youth behavioral care at Bayview. Postrelease medication continuity is analyst proposal, not verified marginal service offer.","primary-service-checked-not-CEA","Unknown unless specified by name/scope; not verified","unknown","none: contract authority is not marginal cost","not evaluated","","10"
"98","irs:943023917","943023917","THE BARNSTON-KOUTSAFTIS FAMILY FOUNDATION","unknown","","1","280002ed4f409b64ac78c81c94416eceec77446e84e4c58b3c3d4140ec1929e3","0","","","SF IRS filing address only; actual Bay delivery unknown","Family foundation: grantee/intermediary role unresolved.","defer-scope-or-role","Family foundation: grantee/intermediary role unresolved. Name/scope has a routing signal, not verified causal evidence. Revenue missing; not inactivity.","","no","","metadata-screened-not-CEA","Unknown unless specified by name/scope; not verified","unknown","none: contract authority is not marginal cost","not evaluated","",""
"99","irs:943213337","943213337","METRO SENIOR HOMES INC","unknown","","1","285267f2d3c04a6d7348e0af4452bb5286928e6ea42bef58a6280e5285fddb19","0","","","SF IRS filing address only; actual Bay delivery unknown","Senior housing property: verify operator versus service entity and avoid double count.","priority-for-identity-and-program-check","Senior housing property: verify operator versus service entity and avoid double count. Name/scope has a routing signal, not verified causal evidence. Revenue not used to rank.","","no","","metadata-screened-not-CEA","Unknown unless specified by name/scope; not verified","unknown","none: contract authority is not marginal cost","not evaluated","",""
"100","irs:943262543","943262543","HERCULES SENIOR HOUSING INC","unknown","","1","28aa21af5ff3af8e3da555039f6dc7e63e3e19ce3df0a4765b33007d56de52ac","0","","","SF IRS filing address only; actual Bay delivery unknown","Senior housing name: SF address may be administrative, not actual local property.","priority-for-identity-and-program-check","Senior housing name: SF address may be administrative, not actual local property. Name/scope has a routing signal, not verified causal evidence. Revenue not used to rank.","","no","","metadata-screened-not-CEA","Unknown unless specified by name/scope; not verified","unknown","none: contract authority is not marginal cost","not evaluated","",""
